Employee_ID,first name,last name,Address,Soc sec
1,Ysabel,McIlharga,63 Melvin Point,649-58-3009
2,Emelia,Higgonet,24 Burning Wood Junction,577-61-2091
3,Olga,Heinert,76 Mallory Circle,562-36-3640
4,Egan,Mattevi,34 Corscot Trail,101-55-8333
5,Devin,Iamittii,68622 Fairfield Crossing,703-06-6917
6,Carma,Duffus,8824 Sheridan Court,585-83-5109
7,Dita,Seifert,1 Havey Alley,626-60-2085
8,Gery,Stelljes,2022 Rowland Point,820-96-0321
9,Nikos,Charlon,414 Thompson Plaza,313-99-8585
10,Louisette,Pastor,67 Magdeline Junction,658-59-4302
11,Josefa,Stannering,40628 Larry Lane,852-65-2976
12,Kassi,Gason,469 Bluestem Terrace,733-43-2791
13,Terrijo,Gorman,88 Mcbride Crossing,373-78-3549
14,Stuart,Davenell,1016 Meadow Vale Lane,885-04-9984
15,Prescott,Lyptratt,56598 Northwestern Way,394-28-5086
16,Brice,Skittreal,1 Morrow Crossing,359-11-2898
17,Agata,Lukesch,736 Esker Street,202-58-3661
18,Nicol,Tremmil,94443 East Lane,147-92-6604
19,Rosella,Kropp,4 Briar Crest Place,475-04-1215
20,Alister,Clouston,6657 Maywood Parkway,686-96-0831
21,Gale,Ashton,6 Northfield Parkway,554-13-3485
22,Joni,Balsdon,356 Randy Park,163-39-7374
23,Lila,Jealous,96 Oneill Trail,190-61-1902
24,Ruben,Meiklejohn,4403 Nobel Trail,475-96-4119
25,Joelie,Crisford,63812 Talisman Way,458-06-2594
26,Kerstin,Ganford,28 Westridge Alley,407-59-9346
27,Dean,Witherup,24274 Caliangt Lane,411-96-1884
28,Flore,Langwade,1211 Oriole Avenue,567-31-4821
29,Alisha,Kuhnhardt,95 Pankratz Alley,544-86-9001
30,Wayne,Whitter,41 Banding Court,628-66-5525
31,Ken,Sinfield,230 Stang Terrace,870-79-9575
32,Stanford,Ackland,25267 Hayes Terrace,127-89-6505
33,Bronnie,Durnford,0567 Emmet Pass,126-42-4926
34,Hillier,Isaq,7864 Lighthouse Bay Pass,784-87-7217
35,Gael,Cicco,5 High Crossing Road,850-59-8240
36,Whitaker,Cicco,84506 Hanson Center,814-82-8809
37,Jarrod,Clericoates,14130 Sage Terrace,484-44-5247
38,Malynda,Morais,68 Parkside Lane,867-81-5022
39,Wain,Benoy,7944 Sheridan Crossing,469-49-7604
40,Ceil,O'Lehane,22 Little Fleur Avenue,348-62-1695
41,Butch,Burdfield,7 Ruskin Center,376-14-8593
42,Leonora,Cattermole,747 Texas Hill,223-84-9636
43,Beltran,Gapper,8 Colorado Lane,165-67-0438
44,Harriett,Milan,629 Merry Trail,350-36-4015
45,Darryl,Mee,380 Aberg Parkway,219-31-6596
46,Padgett,Hannigane,200 Nancy Crossing,849-42-5208
47,Olivero,Skeleton,84 Scoville Trail,689-71-6538
48,Torrie,Oehm,99 Monterey Center,240-52-3611
49,Amalee,Fritchly,9 Clove Place,832-78-7124
50,Estelle,Stedmond,01 Hallows Center,740-99-6932
51,Gwynne,Dalrymple,44 Gulseth Way,492-65-3441
52,Sibelle,St. Hill,464 Florence Way,355-78-4924
53,Alfredo,Defont,70 Burning Wood Avenue,166-68-6358
54,Ravid,Yeldham,92887 Forest Pass,513-31-1971
55,Janene,Dell Casa,7 Heffernan Circle,167-88-8421
56,Gran,Elman,5052 Fair Oaks Parkway,270-67-2280
57,Nola,McClay,90 Kings Point,151-04-1036
58,Kizzee,Issac,48 Pennsylvania Lane,549-19-1442
59,Lowrance,Zanetello,8943 Superior Circle,754-51-8254
60,Zoe,Hill,37 Northwestern Drive,877-27-9015
61,Lefty,Limrick,4 Loftsgordon Court,762-73-9570
62,Clim,Garrat,338 Gerald Alley,820-27-4498
63,Kellen,Faires,759 Brown Crossing,168-17-6886
64,Kingsley,Patifield,5 Clove Lane,647-79-5820
65,Rahal,McMeanma,9518 Gateway Alley,507-39-4161
66,Bobbe,Di Iorio,98 Hayes Terrace,242-34-0344
67,Bord,Brigginshaw,15 Coolidge Terrace,613-64-2452
68,Briano,Harper,898 Sachtjen Avenue,728-86-3742
69,Dorotea,Boxell,9 Forest Avenue,453-08-2449
70,Jourdain,Rockliffe,95 Oak Valley Trail,307-75-9887
71,Mortie,Keeping,13438 Gina Court,485-74-9409
72,Amitie,Ridulfo,52679 Dayton Park,419-43-5290
73,Shanan,Birchall,357 Boyd Pass,174-89-0638
74,Jo-ann,Bradburne,6171 Waubesa Plaza,245-90-2032
75,Laure,Jados,62 Ilene Road,472-35-0215
76,Rodolphe,Smittoune,3 Jenifer Point,610-74-0767
77,Elise,Bramble,2 Stoughton Plaza,306-21-0769
78,Mohandas,Curtiss,13 American Ash Place,384-17-4065
79,Tomasina,Wandrich,55 Menomonie Hill,230-09-3082
80,Demetra,Dalton,5268 Crowley Road,656-99-2270
81,Spenser,Sadd,6985 Main Drive,500-08-6518
82,Kent,Sergean,11460 Fallview Way,364-79-7571
83,Margi,Speddin,7604 Prairie Rose Trail,304-55-1950
84,Laughton,Overbury,22 Gerald Circle,446-64-8625
85,Fanny,Baybutt,511 Grover Crossing,842-11-7909
86,Aluin,Scholtz,9 Glendale Point,156-54-6886
87,Karilynn,Gyurko,58424 Prentice Road,847-63-4979
88,Lyman,Champain,23 Comanche Point,813-30-6242
89,Farlay,Hurlston,16 2nd Hill,361-66-0239
90,Melessa,Arr,20 Forest Run Circle,346-90-4518
91,Janna,Ferrettino,3 Alpine Hill,395-77-4830
92,Tuckie,Hasty,02097 Bartelt Parkway,211-44-4402
93,Mateo,Sayce,9 Ilene Drive,258-05-6615
94,Corilla,Dowty,5410 Northland Circle,312-74-4156
95,Bibbie,McCromley,5 Bay Alley,685-18-5889
96,Erica,Vokes,232 Barnett Junction,734-26-2566
97,Wilhelmina,Cardero,99384 Butterfield Place,178-66-3361
98,Guthrey,Anderson,20 Bartillon Junction,408-15-1140
99,Jdavie,Dykins,95 Sullivan Junction,218-38-2374
100,Judie,Hatcher,39 Westerfield Lane,449-97-0961
101,Nikita,Monketon,41963 Walton Pass,554-36-9700
102,Michel,Dowse,1539 Ronald Regan Alley,660-01-5222
103,Ber,Swindley,78 Artisan Way,390-32-7154
104,Kaspar,Breeds,2 Melby Lane,167-62-3720
105,Nero,Eouzan,37919 Marquette Crossing,523-71-0104
106,Judas,Raddish,08 Dottie Way,115-30-0556
107,Charlotta,Greenham,903 Hudson Hill,781-29-4893
108,Corrinne,Sykora,6161 Havey Pass,788-92-1507
109,Lari,Stallard,808 Dapin Place,515-94-2851
110,Lucais,Moultrie,9753 Crowley Drive,372-60-7152
111,Leisha,Rengger,85143 Shasta Street,184-99-4627
112,Catie,Iacabucci,82254 Lien Road,386-87-4788
113,Innis,Coffee,72 Lakeland Court,172-93-7816
114,Bobine,MacDuff,408 Holmberg Circle,730-30-0186
115,Chere,Heinzler,2130 Dottie Trail,672-85-2090
116,Hal,Murray,90 Warrior Circle,656-62-0477
117,Fred,Grossman,02 Ridge Oak Trail,212-40-0185
118,Tory,Shrimpling,9 Garrison Crossing,486-52-3926
119,Clair,Tomet,34 Cottonwood Avenue,168-80-1572
120,Brinn,Jobson,29 Messerschmidt Junction,576-53-2583
121,Graig,Maylott,64731 Messerschmidt Crossing,490-89-3084
122,Riobard,Ronci,238 Luster Way,889-19-4625
123,Amy,Brunet,91 Ryan Plaza,457-54-2855
124,Powell,Dumbellow,09609 Troy Drive,564-40-0835
125,Ferdy,Search,73 Macpherson Terrace,172-95-3709
126,Jacquelyn,Togwell,63 Dexter Trail,728-29-5652
127,Vassily,Corpes,5952 East Street,539-77-3145
128,Bethanne,Brickdale,4942 Moland Lane,476-81-8170
129,Oralia,Stokes,580 Vernon Plaza,792-46-9005
130,Nancey,Springett,441 Gulseth Avenue,503-06-0987
131,Deeann,Noblet,0472 Ronald Regan Center,356-52-8055
132,Lucy,Vargas,544 Old Shore Way,389-30-5392
133,Petronella,McGeever,00 Cottonwood Terrace,304-80-4644
134,Shina,Adamkiewicz,4462 Killdeer Crossing,434-74-8577
135,Mick,Gossipin,17643 Ridgeview Hill,826-92-0060
136,Cheryl,Baggiani,30518 Sage Park,201-99-9314
137,Delly,Bodechon,6423 Nancy Alley,693-23-9885
138,Dun,Molan,062 Anthes Lane,412-87-0491
139,Pooh,Primett,43937 Truax Plaza,758-37-1259
140,Basil,Gazey,6193 Longview Park,260-07-3459
141,Frayda,Tabb,7535 Chive Pass,898-37-4858
142,Violet,Sparkwell,620 Bayside Pass,742-91-4254
143,Augie,Elms,0 Thierer Crossing,201-92-0025
144,Neysa,Muspratt,631 Fremont Crossing,556-55-2823
145,Gladys,Mushrow,1852 Sutteridge Way,729-17-2591
146,Kenton,Heining,058 Northfield Alley,202-62-4638
147,Reynolds,Kettlestringes,0 Sheridan Plaza,212-39-7765
148,Clarabelle,Americi,12509 Helena Road,294-71-6158
149,Sunny,Hansom,24300 Kipling Center,425-24-8260
150,Isador,McGuinness,9716 Stephen Pass,178-10-0591
151,Ardelle,Grunder,16 Eagan Lane,558-08-4989
152,Brien,Garrity,816 Waubesa Park,837-92-9467
153,Holly,Boote,90 3rd Lane,870-69-5201
154,Banky,Heinert,59595 La Follette Way,440-65-8875
155,Glenna,Tapin,9067 Warner Center,257-92-2860
156,Alanna,Burfield,7873 Holy Cross Drive,724-71-9140
157,Ginevra,Kleimt,12875 Laurel Lane,269-81-4278
158,Hurleigh,Agutter,0251 Dexter Road,883-09-2694
159,Calli,Beekman,4 Chive Crossing,606-21-0511
160,Elinore,Pavlovsky,83449 Northridge Park,769-02-7257
161,Marlo,Brennenstuhl,836 Tony Road,733-48-4008
162,Micky,Hansman,1 Kennedy Park,487-61-1316
163,Luciano,Bunhill,32814 Shoshone Crossing,386-78-0235
164,Andree,Myhan,0 Rigney Drive,447-60-1992
165,Delila,Dugald,22861 Mifflin Plaza,510-12-3908
166,Pauly,O' Mullan,07 Warner Parkway,418-85-2452
167,Gaylor,Mundow,2 Eliot Lane,837-13-3417
168,Randy,Botten,7375 Hauk Avenue,775-89-4861
169,Mireielle,Tidgewell,8 Twin Pines Plaza,339-69-0559
170,Jed,Priestner,486 Golf Course Plaza,506-22-9023
171,Deloris,Langridge,655 Corscot Way,803-27-4027
172,Cam,Gilbeart,56 Armistice Trail,427-09-7757
173,Terrence,Smullin,64394 Farwell Alley,615-68-7917
174,Cornie,Crowdy,17 Farmco Terrace,842-76-1127
175,Harmon,Smidmoor,34937 Bartillon Way,293-53-6374
176,Zarla,Bernardoux,1 Browning Junction,759-52-4692
177,Vite,Vear,12 Thompson Street,613-89-2163
178,Killy,MacQuaker,87148 Golden Leaf Street,141-63-4648
179,Alana,Huffa,82 Delladonna Road,144-06-2630
180,Brita,Stiven,9213 Karstens Road,394-56-4926
181,Peggie,Phipp,511 Sheridan Court,678-27-8288
182,Kevon,Blench,46240 Quincy Court,349-69-1745
183,Reeva,Huffy,79131 Linden Court,319-93-8667
184,Connie,Bordiss,01110 7th Court,176-71-0936
185,Von,Dudny,93 Cottonwood Terrace,669-53-6014
186,Anders,Proback,438 Mariners Cove Plaza,682-12-6154
187,Esme,Grindall,3212 Marcy Pass,711-51-6359
188,Wandis,Leach,17 Dixon Way,719-23-2980
189,Eleanora,Hubbucks,84392 Tennessee Road,370-91-8910
190,Archie,Cornil,5 Hoard Road,108-72-0211
191,Rene,Matisoff,327 Fallview Alley,350-97-9969
192,Fara,Bisp,921 Pepper Wood Alley,876-54-5361
193,Cosetta,Stennett,877 Becker Hill,789-30-7179
194,Sonni,Talmadge,0869 Tony Lane,152-39-9842
195,Moe,Girardet,71 Orin Court,151-77-6279
196,Mathe,Gainsburgh,3245 Eliot Road,527-74-3801
197,Laurie,Scipsey,1413 Lakeland Terrace,704-83-0378
198,Matteo,Hathway,1040 Sommers Center,772-74-9555
199,Locke,Crippill,42165 Michigan Avenue,400-72-5002
200,Bud,Escolme,81062 Melrose Drive,689-26-1530
201,Paulie,Fretson,66 Ridgeway Junction,315-74-7956
202,Oona,Chasney,401 Amoth Parkway,705-34-3870
203,Olivette,McHarry,257 Sunfield Point,325-54-9398
204,Veronika,Wither,5 Paget Pass,897-99-7998
205,Missie,Greenrodd,6140 Randy Parkway,111-91-7990
206,Dyann,Dallman,94095 Utah Lane,615-75-8407
207,Steffi,Leal,1 Corben Junction,692-48-8938
208,Celestina,Sweynson,88755 Springview Court,806-44-0232
209,Sybille,Pimlott,2 Graedel Trail,109-93-3774
210,Maurine,Biddleston,34265 7th Avenue,610-92-5322
211,Moises,MacRitchie,63670 Schmedeman Plaza,199-01-3363
212,Loralie,Rolance,18439 Cherokee Lane,853-69-5959
213,Shae,Saundercock,79450 Rutledge Road,350-88-9359
214,Clare,Ingraham,67476 Chinook Avenue,363-77-0145
215,Lavina,Chatain,68 West Trail,115-59-6204
216,Cesare,Ribchester,2 Mcbride Pass,686-09-2142
217,Carlee,Janman,66479 Magdeline Lane,592-97-8304
218,Robby,Welford,865 Walton Street,605-24-4989
219,Alfons,Hurring,1506 Orin Way,372-35-7572
220,Alessandro,Tuckley,922 Westend Court,603-06-8221
221,Melodie,O'Brien,59143 Logan Lane,826-65-1377
222,Travus,Chewter,47928 Washington Point,140-76-5813
223,Ruy,Jerrim,82538 Lyons Place,600-87-8589
224,Aldwin,Romeril,9540 Little Fleur Center,460-93-7356
225,Freida,Maskill,421 Acker Park,507-15-2345
226,Salmon,Follitt,2633 Jenna Point,769-07-6882
227,Anna-diane,Mitrovic,23 Gateway Avenue,369-92-2462
228,Winifred,Runciman,3376 Redwing Street,572-40-1195
229,Phoebe,Mannin,0 Vahlen Pass,864-13-7213
230,Nathanil,Bowe,23552 Union Parkway,291-48-7564
231,Shell,Audas,9 Bayside Junction,547-06-5757
232,Benedikt,Messenger,71268 Rockefeller Pass,712-43-1802
233,Clarey,Ashment,15502 Golf Park,880-93-7787
234,Emmanuel,Eveleigh,68 Delladonna Street,660-59-8170
235,Nikoletta,Alfonsini,09 Oak Junction,581-34-9933
236,Andreas,Roderick,749 Eliot Court,485-37-9318
237,Shelley,Mewha,62518 Transport Junction,397-34-7688
238,Nana,Greenhill,596 Del Sol Pass,422-38-1073
239,Tomasine,Sharrock,63959 Melody Place,714-27-4765
240,Hollie,Shird,4 Dahle Court,418-10-7074
241,Cybill,Really,99 Transport Center,132-77-7236
242,Amby,Cocher,880 Delladonna Road,216-48-0085
243,Dukie,Scopes,2 Carberry Parkway,471-76-6638
244,Anatole,Lambourne,05 Rusk Lane,659-23-4056
245,Camala,Roofe,6 Elgar Terrace,176-90-0783
246,Levon,Kirwin,6084 Washington Point,515-26-6502
247,Marcie,Atlee,1 Warrior Trail,380-15-6318
248,Giffie,Olensby,9066 Oriole Parkway,838-20-0384
249,Ginevra,Puvia,366 Kennedy Court,143-77-8856
250,Winfred,Jentin,059 Fieldstone Plaza,694-53-3604
251,Dee dee,Stutt,072 Parkside Street,496-96-1565
252,Jody,Goodwyn,41318 Holy Cross Plaza,312-28-0432
253,Stefania,Shreeve,63840 Holy Cross Drive,286-68-9663
254,Meredith,Darey,3679 Meadow Valley Lane,155-10-5880
255,Sax,Edmett,17 Oneill Place,140-76-3270
256,Gustaf,Hannaby,550 Holmberg Drive,872-22-7528
257,Daphna,Pettet,33349 Beilfuss Parkway,225-67-5849
258,Thaine,Dalmon,62493 Del Sol Court,390-63-0766
259,Sela,Linney,5095 Fuller Trail,169-71-3481
260,Myer,Dawkins,85 Delaware Plaza,346-57-5713
261,Gram,MacGarvey,96 Merchant Alley,344-91-3473
262,Elmira,Skillicorn,77 Eggendart Pass,671-80-6853
263,Corny,Keneforde,63 Green Junction,184-30-7902
264,Faustine,Saurat,4554 Ohio Pass,671-29-9300
265,Stirling,Phipp,77 Forest Run Plaza,727-22-9779
266,Nicola,Pittaway,6 Bobwhite Hill,288-63-6761
267,Claudio,Andreopolos,98857 Kedzie Alley,112-06-3147
268,Ellen,Vockings,7572 Washington Center,882-44-2422
269,Leontyne,Oswald,0832 Nevada Terrace,225-04-7846
270,Juan,Boyton,15358 Autumn Leaf Park,175-19-4398
271,Angelia,Janku,324 West Alley,623-70-7779
272,Siffre,Tue,93690 Kropf Place,444-02-9164
273,Kania,Addison,6592 Birchwood Junction,881-04-2939
274,Deanna,Goodenough,59757 Melrose Circle,587-19-6290
275,Meredeth,Ablitt,128 Buena Vista Hill,243-37-8570
276,Magnum,Woolner,7 Hoepker Street,279-84-4856
277,Boycie,Sunter,61 Fieldstone Road,762-30-5578
278,Donnie,Paddy,6924 Arizona Circle,172-37-7480
279,Granthem,Hadenton,87 Truax Plaza,186-78-6425
280,Ewart,Pafford,9300 Bluejay Avenue,899-91-4837
281,Rosette,Houston,57656 Sutteridge Street,339-94-5805
282,Harrison,Walczak,6946 Riverside Alley,766-51-5753
283,Sari,Puttrell,3 Butterfield Court,843-68-8877
284,Junie,Lygoe,96241 Division Terrace,388-91-2814
285,Ettore,Glaister,8136 Corben Court,481-37-3481
286,Odey,Blockwell,39772 Algoma Lane,659-93-5540
287,Lewie,Diggell,45 Lakewood Street,338-53-9074
288,Debor,Rampling,25627 Hansons Terrace,872-78-5786
289,Fulton,Lindenstrauss,44 Thompson Hill,344-75-6892
290,Olivero,Calladine,8 Declaration Drive,162-99-2673
291,Adelind,Cheyenne,092 Spohn Trail,364-77-4822
292,Glynis,Tompion,4 Marcy Pass,444-08-2100
293,Carson,Kesten,7 Continental Center,216-10-4239
294,Alexei,Buffin,4 2nd Place,187-79-4866
295,Pryce,Dole,1344 Arapahoe Circle,577-98-5617
296,Dianne,Munnis,5554 Tony Plaza,319-81-7335
297,Marybeth,Borsi,63365 David Alley,636-26-2391
298,Rubetta,Douche,80755 Mayer Terrace,283-27-2974
299,Cordelie,Hazeldene,6 5th Drive,713-52-4055
300,Phillip,Lowsely,66 Ilene Place,152-18-1218
